Sequence,Proteins,Gene names,PEP Score
AAAAAAAAAAGAAGGR,Q86U42,PABPN1,0.00012676
AAAAAAALQAK,P36578,RPL4,1.42E-13
AAAAAAGAGPEMVR,P28482,MAPK1,0.0023814
AAAAAAGEAR,P09417,QDPR,0.0052716
AAAAAATAAAAASIR,Q8WVM8,SCFD1,2.78E-14
AAAAAEQQQFYLLLGNLLSPDNVVR,O00410,IPO5,3.57E-24
AAAAAGTATSQR,Q9Y2Z0,SUGT1,1.14E-06
AAAAAMAEQESAR,Q7L5D6,GET4,0.004211
AAAAAQGGGGGEPR,P27361,MAPK3,0.00059563
AAAAASASQDELNQLER,Q5VYK3,ECM29,8.50E-31
AAAAELSLLEK,O43324,EEF1E1,3.19E-26
AAAAGGGGPGTAVGATGSGIAAAAAGLAVYR,Q92922,SMARCC1,2.22E-07
AAAAPGASPSPGGDAAWSEAGPGPRPLAR,P52701,MSH6,0.0016209
AAAAVQGGR,Q15005,SPCS2,0.0024078
AAAAVVEFQR,O00231,PSMD11,8.67E-07
AAAAVVVPAEWIK,Q8NI27,THOC2,0.00024627
AAADSDPNLDPLMNPHIR,O95159,ZFPL1,0.00038693
AAAEDVNVTFEDQQK,Q9NQP4,PFDN4,1.15E-20
AAAEEEPKPK,P55263,ADK,0.00011173
AAAEIYEEFLAAFEGSDGNK,O15042,U2SURP,4.41E-07
AAAEPSPR,Q53H96,PYCRL,0.17803
AAAFEEQENETVVVK,Q9Y490,TLN1,5.84E-13
AAAFEQLQK,O94826,TOMM70A,4.96E-07
AAAGEFADDPCSSVK,P35221,CTNNA1,1.01E-28
AAAGELQEDSGLMALAK,Q9BUP0,EFHD1,8.99E-51
AAAGGGGGGAAAAGR,Q9UL25,RAB21,5.36E-21
AAAGLGGGDSGDGTAR,Q96T51,RUFY1,0.00027985
AAAGSLPGLQAQLAQAEQR,Q9BQS8,FYCO1,0.017859
AAAGYPDPYSR,P58107,EPPK1,0.057104
AAAIGITQVVISR,Q96NB2,SFXN2,3.74E-06
AAALAAAVAQDPAASGAPSS,Q8TAE8,GADD45GIP1,5.41E-07
AAALAHLDR,Q16853;O75106,AOC3;AOC2,0.002066
AAALEAMKDYTK,P31948,STIP1,7.80E-05
AAALEFLNR,P31948,STIP1,0.00041383
AAALLLQNDNNADVESK,Q12955,ANK3,5.50E-90
AAAMANNLQK,Q14498,RBM39,7.09E-06
AAAMDVDTPSGTNSGAGK,P62877,RBX1,7.10E-41
AAAMDVDTPSGTNSGAGKK,P62877,RBX1,7.93E-22
AAAPAPEEEMDECEQALAAEPK,P26641,EEF1G,1.14E-70
AAAPAPVSEAVCR,P20810,CAST,0.0059317
AAAQCYIDLIIK,P53618,COPB1,0.061563
AAAQEADGAR,O96005,CLPTM1,0.012641
AAASGSVLQR,Q5VWZ2,LYPLAL1,0.00044214
AAASLAAVSGTAAASLGSAQPTDLGAHK,Q7Z5L9,IRF2BP2,2.32E-33
AAATAEEPDPK,Q99733,NAP1L4,2.27E-06
AAATGAVAASAASGQAEGK,Q9NWH9,SLTM,1.61E-31
AAATGAVAASAASGQAEGKK,Q9NWH9,SLTM,9.50E-23
AAATGLPEGPAVPVPSR,Q8N1S5,SLC39A11,1.20E-09
AAATGPSFWLGNETLKVPLALFALNR,P12955,PEPD,5.48E-35
AAATLTSKLYSLLFR,Q9UDW1,UQCR10,1.37E-05
AAATLTSKLYSLLFRR,Q9UDW1,UQCR10,0.013164
AAATPESQEPQAK,P49006,MARCKSL1,2.75E-15
AAAVAVAAASR,Q7Z5L9,IRF2BP2,0.0039565
AAAVDFTAR,Q12955,ANK3,0.073225
AAAVLTDR,O43296,ZNF264,0.034581
AACEQQAVALTLQEDR,Q9BUH6,C9orf142,1.98E-14
AACLPLPGYR,P13796,LCP1,0.01268
AACTMSVCSSACSDSWR,P60370,KRTAP10-5,6.07E-08
AADAEAEVASLNR,P06753,TPM3,1.64E-37
AADAEAEVASLNRR,P06753,TPM3,0.1038
AADALEEQQR,Q14980,NUMA1,0.00019394
AADAVEDLR,Q9UNF0,PACSIN2,0.00060608
AADDTWEPFASGK,P02766,TTR,0.0010338
AADEEAFEDNSEEYIR,P55060,CSE1L,1.29E-245
AADEEAFEDNSEEYIRR,P55060,CSE1L,0.018871
AADFIDQALAQK,P51452,DUSP3,5.82E-06
AADIDQEVK,Q86VP6,CAND1,0.00039146
AADIDQEVKER,Q86VP6,CAND1,0.00050344
AADISLDNLVEGK,Q12888,TP53BP1,0.021672
AADKGVYIIGSSGFDSIPADLGVIYTR,Q8NBX0,SCCPDH,0.00010879
AADKLGSTQIVK,Q8TDL5,BPIFB1,0.001814
AADKLIQNLDANHDGR,Q96FQ6,S100A16,0.00041419
AADLNGDLTATR,Q15293,RCN1,1.10E-35
AADMGNPVGQSGLGMAYLYGR,Q9UBV2,SEL1L,3.49E-153
AADPAPEVR,Q8IVT2,C19orf21,0.030236
AADPPAENSSAPEAEQGGAE,P67809,YBX1,3.90E-41
AADRLPNLSSPSAEGPPGPPSGPAPR,O60784,TOM1,1.84E-48
AADTDGDGQVNYEEFVR,P27482,CALML3,9.76E-120
AADTQVSETLKR,Q92616,GCN1L1,1.73E-08
AAEAAPPTQEAQGETEPTEQAPDALEQAADTSR,Q8N163,KIAA1967,3.73E-56
AAEADGPLKR,O75352,MPDU1,0.00049387
AAEAEVELSAR,Q8IZ83,ALDH16A1,0.0001328
AAEAGGAEEQYGFLTTPTK,P46821,MAP1B,1.25E-80
AAEALHGEADSSGVLAAVDATVNK,Q14554,PDIA5,2.81E-18
AAEAVAAAVGTGATTAAVMAAAGIAAIGPAK,P46821,MAP1B,4.07E-07
AAECNIVVTQPR,Q08211,DHX9,8.89E-13
AAEDDEDDDVDTK,P06454,PTMA,3.35E-38
AAEDLFVNIR,Q9Y2A7,NCKAP1,0.00021616
AAEDYGVIK,Q01995,TAGLN,0.00026995
AAELETDIR,O94906,PRPF6,0.053434
AAELWGEQAEAR,Q08379,GOLGA2,2.98E-05
AAEPLTELEESIETVVTTFFTFAR,Q99584,S100A13,5.21E-05
AAEPNKTEIQTLFK,Q8N6H7,ARFGAP2,1.14E-09
AAEPQEQEFGK,Q9C0C2,TNKS1BP1,0.00084353
AAEQDPEAR,Q6XQN6,NAPRT1,0.021228
AAEQYTPK,P49327,FASN,0.00033488
AAESETPGKSPEK,O76021,RSL1D1,8.14E-09
AAETQTLNFGPEWLR,Q6Y7W6,GIGYF2,0.0033768
AAEVWMDEYK,Q10471,GALNT2,0.018724
AAFAPFGR,P31483,TIA1,0.065259
AAFENWEVEVTFR,P49257,LMAN1,3.39E-51
AAFFAER,P50851,LRBA,0.047511
AAFGEEVDAVDTGISR,O00273,DFFA,1.20E-28
AAFGISDSYVDGSSFDPQR,Q9UQ35,SRRM2,1.20E-52
AAFGISDSYVDGSSFDPQRR,Q9UQ35,SRRM2,0.00089956
AAFPLGALTQSHTGSYHCHSWEEMAVSEPSEALELVGTDILPK,Q8N6C5,IGSF1,0.081173
AAFQPEANPSHLTLNTALVESEDL,Q8WX93,PALLD,0.014122
AAFTECCQAADK,CON__P02768-1;P02768,ALB,5.65E-47
AAFVLPEFAR,P19623,SRM,0.0052469
AAFVSEQQQK,P26006,ITGA3,7.52E-05
AAFYEEQINYYDTYIK,Q13576,IQGAP2,2.15E-70
AAFYHQPWAQEAVGR,Q92925,SMARCD2,0.014082
AAGAGAGSAPR,Q8WUD6,CHPT1,0.086323
AAGASDVVLYK,Q9NSD9,FARSB,0.00029177
AAGFDEIEQDLTQR,O95786,DDX58,3.71E-25
AAGFSSSTTSTSWEGNR,Q7Z478,DHX29,6.49E-05
AAGGDHGSPDSYR,P30566,ADSL,2.43E-08
AAGGHLCQQPK,Q9HC84,MUC5B,4.51E-05
AAGGIELFVGGIGPDGHIAFNEPGSSLVSR,P46926,GNPDA1,0.029917
AAGGLHLLPWSR,Q8IYS2,KIAA2013,0.026586
AAGIDEQENWHEGKENIR,P28838,LAP3,0.016457
AAGLATMISTMRPDIDNMDEYVR,O75533,SF3B1,0.081633
AAGSGELGVTMK,O75369,FLNB,7.40E-13
AAGSPSPLPAPDPAPK,Q9BZE9,ASPSCR1,0.00020024
AAGTAAALAFLSQESR,O75607,NPM3,6.10E-15
AAGTEGPFQEVDGVATTR,P10586,PTPRF,1.26E-40
AAGTLYTYPENWR,P26641,EEF1G,1.87E-08
AAGTLYTYPENWRAFKALIAAQYSGAQVR,P26641,EEF1G,4.61E-22
AAGTSSYWEDLRK,O95249,GOSR1,6.40E-11
AAGVAGWGVEAEEFEDAPDVEPLEPTLSNIIEQR,O43681,ASNA1,9.55E-06
AAGVEAAAEVAATEIK,P52272,HNRNPM,6.02E-48
AAGVEAAAEVAATEIKMEEESGAPGVPSGNGAPGPK,P52272,HNRNPM,0.0014099
AAGVVLEMIR,Q9Y230,RUVBL2,5.88E-05
AAHGGSAASSALK,O94888,UBXN7,1.78E-05
AAIAASEVLVDSAEEGSLAAAAELAAQK,O95926,SYF2,1.54E-12
AAIAQLNGK,Q96PK6,RBM14,0.0014037
AAIDWFDGK,Q92804;P35637,TAF15;FUS,0.00048909
AAIDWFDGKEFHGNIIK,Q92804,TAF15,0.011978
AAIISAEGDSK,P35232,PHB,0.000229
AAILETAPK,Q9P2E9,RRBP1,0.00010921
AAIPSSGSLVATHDYYR,Q9H3Y8,PPDPF,0.00029035
AAISGENAGLVR,P19827;CON__Q0VCM5,ITIH1,6.44E-05
AAIYGGVEGGGTR,Q9UJ70,NAGK,1.26E-05
AALAGGTTMIIDHVVPEPESSLTEAYEK,Q14195,DPYSL3,1.09E-05
AALANLCIGDVITAIDGENTSNMTHLEAQNR,O00151,PDLIM1,2.20E-34
AALAPLPPLPAQFK,Q9NP79,VTA1,6.34E-05
AALCHFCIDMLNAK,P54920,NAPA,0.000171
AALDEAQGVGLDSTGYYDQEIYGGSDSR,O75533,SF3B1,5.36E-78
AALDGGVASAASPESKPSPGTK,Q9Y4K1,AIM1,0.020327
AALDGTPGMIGYGMAK,P09417,QDPR,2.02E-14
AALDSGAFQSVWVSTDHDEIENVAK,Q8NFW8,CMAS,2.72E-24
AALEALLGR,O15061,SYNM,0.0019432
AALEAQNALHNMK,Q92879,CELF1,7.07E-11
AALEEVYPDLTPEETR,Q9H0D6,XRN2,0.00040278
AALEEVYPDLTPEETRR,Q9H0D6,XRN2,0.0010103
AALEGTATYR,Q9NRV9,HEBP1,2.29E-10
AALEYLEDIDLK,Q9BRX8,FAM213A,4.31E-13
AALGEPVRLER,Q9NUP9,LIN7C,0.018283
AALGLALYLIALRTLVQLSLQQLVLR,Q7Z2K6,ERMP1,0.0044461
AALGPSSQNVTEYVVR,P35269,GTF2F1,0.0065266
AALIMQVLQLTADQIAMLPPEQR,P33240;Q9H0L4,CSTF2;CSTF2T,0.0089897
AALISGAVSVAQCVYYGADR,REV__Q96MS0,,0.0035806
AALMESQGQQQEER,Q14980,NUMA1,6.67E-167
AALQEELQLCK,P49327,FASN,6.74E-09
AALQELLSK,P62851,RPS25,0.00025462
AALQELLSKGLIKLVSK,P62851,RPS25,0.003002
AALQLVVDPGDPR,O96013,PAK4,0.014913
AALSALESFLKQVSNMVAK,P78527,PRKDC,1.35E-05
AALSEEELEKK,Q04637,EIF4G1,0.059626
AALSSFQK,P61201,COPS2,0.026484
AALSSQQQQQLALLLQQFQTLK,Q6Y7W6,GIGYF2,0.00087072
AALSYVSEIGK,Q8N4F0,BPIFB2,0.00013831
AALTAEHFAALQSLLK,Q9P000,COMMD9,3.51E-15
AALTTLFK,Q96KP4,CNDP2,1.10E-05
AALTVHQAR,Q96GQ5,C16orf58,0.00087933
AALVDLEPGTMDSVR,Q9BUF5,TUBB6,1.04E-09
AALVLEDGSVLR,P27708,CAD,6.02E-09
AALWALQGGTSVVIANGTHPK,P54886,ALDH18A1,0.00056955
AALWIGTTSFMILVLPVVFETEK,Q9NS69,TOMM22,3.58E-05
AAMAAAQSGTPGPVFVELPVDVLYPYFMVQK,A1L0T0,ILVBL,0.011463
AAMDNSEIAGEK,Q16891,IMMT,1.04E-05
AAMEPIVISAK,Q9Y490,TLN1,0.030235
AAMFPETLDEGMQIPSTQFDAAHPTNVQR,P35222,CTNNB1,4.68E-59
AAMGPGISR,Q96G03,PGM2,0.0098381
AAMITHQR,O14975,SLC27A2,0.0072172
AAMIVNQLSK,P14923,JUP,3.52E-05
AAMVGMLANFLGFR,P01019,AGT,0.0054828
AANAAENDFSVSQAEMSSR,Q8NE71,ABCF1,9.34E-66
AANFENHSGK,P18206,VCL,0.0019877
AANGVVLATEK,P25787,PSMA2,0.0002996
AANLLLGYK,Q86Y07,VRK2,0.0012785
AANMLQQSGSK,P46063,RECQL,0.0020383
AANVLLSEHGEVK,Q9Y6E0,STK24,0.00032375
AANVLLSEQGDVK,O00506,STK25,0.038463
AAPAPGLISVFSSSQELGAALAQLVAQR,O95336,PGLS,5.94E-41
AAPAQQTTQPGGGK,Q9NXG2,THUMPD1,0.0024078
AAPAQQTTQPGGGKR,Q9NXG2,THUMPD1,9.16E-05
AAPEASGTPSSDAVSR,P31146,CORO1A,7.73E-47
AAPEGSGLGEDAR,Q96G03,PGM2,0.010944
AAPFNNWMEGAMEDLQDTFIVHTIEEIQGLTTAHEQFK,P12814,ACTN1,4.72E-08
AAPFNNWMESAMEDLQDMFIVHTIEEIEGLISAHDQFK,O43707,ACTN4,7.80E-07
AAPFSLEYR,Q15181,PPA1,0.011377
AAPGAEFAPNK,Q15233,NONO,0.0017654
AAPGAEFAPNKR,Q15233,NONO,0.0012095
AAPLIPLSQQIPTGNSLYESYYK,Q9UBC2,EPS15L1,1.57E-05
AAPPEPGEPEER,Q5RI15,COX20,0.059301
AAPPQLRALLVVVNALLR,Q9Y6I8,PXMP4,0.00085783
AAPPQPVTHLIFDMDGLLLDTER,Q08623,HDHD1,7.56E-06
AAPSVTLFPPSSEELQANK,P0CG05;P0CG06;P0CF74;A0M8Q6,IGLC2;IGLC3;IGLC6;IGLC7,7.39E-11
AAPVVAPPGVVVSR,Q13144,EIF2B5,0.063914
AAQALALLR,Q16401,PSMD5,0.0001716
AAQASDLEK,P37837,TALDO1,0.0012201
AAQEEYVK,P04075,ALDOA,0.0011681
AAQEEYVKR,P04075,ALDOA,1.90E-13
AAQGEPQVQFK,P62826,RAN,0.00041355
AAQIELLQLLVQIAAENNLGEGVIVK,Q99613,EIF3C,1.77E-35
AAQLATEIADIK,Q15075,EEA1,1.95E-05
AAQLCGAGMAAVVDK,P19367,HK1,3.34E-09
AAQMHSGYQR,Q96PK6,RBM14,4.30E-05
AAQQAASSSGQGQQAQTPTGK,P48729,CSNK1A1,7.50E-05
AAQSLLNK,Q9UMR2;Q9NUU7,DDX19B;DDX19A,0.071446
AAQTAERLDQDINATK,Q15642,TRIP10,6.82E-09
AAQYQVNQAAAAQAAATAAAMTQSAVK,Q9NR56,MBNL1,3.86E-15
AARPITLGIDLGTTSVK,Q9UHJ6,SHPK,3.19E-06
AASAAFQENVGR,Q9BTW9,TBCD,1.29E-05
AASAAGAAGSAGGSSGAAGAAGGGAGAGTRPGDGGTASAGAAGPGAATK,Q9UKY7,CDV3,6.01E-06
AASAFFTYVSLSQEGR,O00154,ACOT7,1.18E-83
AASAHAIGTVK,P31323,PRKAR2B,0.00063065
AASAYAVGDVK,P13861,PRKAR2A,0.0010889
AASCVLLHTGQK,P14550,AKR1A1,1.14E-26
AASDSDPDEQASLLQR,Q2M3G4,SHROOM1,1.10E-150
AASEFILGK,Q8IXQ6,PARP9,0.01309
AASGESGTSGGGGSTEEAFMTFYSEVK,O75937,DNAJC8,0.0022065
AASGFNAMEDAQTLR,P09525,ANXA4,1.27E-130
AASHEQAAAALK,Q12959,DLG1,0.00012328
AASITSEVFNK,Q9Y5B9,SUPT16H,8.82E-05
AASLLLEILGLLCK,Q04637,EIF4G1,0.00054451
AASLTEDRDR,Q04637,EIF4G1,0.00062336
AASLVGKK,Q9BY32,ITPA,0.090775
AASQGYTVAR,Q9UBV2,SEL1L,7.01E-05
AASQPPNSSEAGR,Q9UI08,EVL,1.99E-09
AASQPTSLAPEK,Q96N66,MBOAT7,2.67E-06
AASQSTQVPTITEGVAAALLLLK,Q92616,GCN1L1,2.80E-18
AASSLLANLWQYNK,Q9Y446,PKP3,0.00056231
AASSQTPTMCTTTVTVK,Q08554,DSC1,9.26E-63
AASSSSPGSPVASSPSR,Q92538,GBF1,4.20E-15
AASTMSICSSACTDSWR,P60014,KRTAP10-10,6.52E-07
AASTPLLPEVEAYLQLLVVIFMMNSKR,O43242,PSMD3,0.00011389
AASVEQR,Q96IU4,ABHD14B,0.0046944
AASYTEEDENHTAK,Q14126,DSG2,1.03E-10
AATAAADFTAK,Q9Y3F4,STRAP,0.043882
AATALKDVVK,Q15084,PDIA6,0.00017493
AATAPLLEAVDNLSAFASNPEFSSIPAQISPEGR,Q9Y490,TLN1,0.018389
AATASAGAGGIDGKPR,Q02978,SLC25A11,1.11E-37
AATAVAAAVAGTESAQGPPGPAASLELWLNK,Q9UJY4,GGA2,2.42E-35
AATDGADTPFGR,Q8WUF5,PPP1R13L,0.076574
AATGYRDPATGDTIPLFQAMQK,P58107,EPPK1,0.011164
AATITATSPGALWGLDR,P31323,PRKAR2B,4.47E-39
AATIVATSEGSLWGLDR,P13861,PRKAR2A,1.82E-76
AATLAQELEK,Q14683,SMC1A,0.0077882
AATPYTVSIYGVIQGYR,P24821,TNC,7.70E-40
AATQELALLISR,Q92817,EVPL,0.0012686
AATQFWR,P13667,PDIA4,0.031506
AATSDLEHYDK,P80303,NUCB2,4.83E-06
AATSEGVQVK,P51608,MECP2,0.015244
AATSGVPSIYAPSTYAHLSPAK,Q86X29,LSR,0.0022611
AATSPALFNR,Q14204,DYNC1H1,0.0022454
AATSRYTLNFEAAQK,P13611,VCAN,0.0099994
AATTEPTEVEEVVPALEPTETLLSEK,Q9BXK5,BCL2L13,4.63E-07
AATVGSLAGQPLQER,P02649,APOE,0.00064817
AATYHVDR,P29508;P48594,SERPINB3;SERPINB4,0.0058159
AAVAATAAAK,Q6Y1H2,PTPLB,0.15806
AAVAAVLSPEEFMVLLDSVLPESAHR,Q8TDL5,BPIFB1,5.82E-05
AAVDSFYLLYR,Q3SXM5,HSDL1,0.00014991
AAVEDSGTTVETIK,Q5VTR2,RNF20,2.86E-05
AAVELEEPEDAR,O94906,PRPF6,8.06E-05
AAVESLGFILFR,Q99460,PSMD1,7.31E-19
AAVETTLR,Q9P2M7,CGN,0.070045
AAVEWFDGK,Q01844,EWSR1,0.0020397
AAVEWFDGKDFQGSK,Q01844,EWSR1,9.11E-09
AAVFHEK,P12110,COL6A2,0.00205
AAVGAGGSTAAPGPGAVSAGALEPGTASAAHR,P78381,SLC35A2,0.00096514
AAVGQESPGGLEAGNAK,Q29RF7,PDS5A,2.05E-50
AAVHLEGK,P18206,VCL,0.00083079
AAVIGDVIR,Q9NR30,DDX21,0.01839
AAVLESLLR,Q8IWY9,CDAN1,0.0004804
AAVLGENGR,Q9UKM9,RALY,0.014511
AAVLLEQER,Q13435,SF3B2,0.00012435
AAVLNAER,Q9H3P7,ACBD3,0.00073533
AAVLQELATHLHPAEPEEGDSNVAR,Q96KN1,FAM84B,3.83E-09
AAVLQQVLER,P12270,TPR,1.33E-48
AAVMATLLFPGR,Q96GX9,APIP,0.040205
AAVMVHQLSK,P35222,CTNNB1,5.51E-05
AAVPDAVGK,P05023;P13637;P50993,ATP1A1;ATP1A3;ATP1A2,0.076631
AAVPELLQQQEEDR,Q9Y5X3,SNX5,3.22E-15
AAVPELLQQQEEDRSK,Q9Y5X3,SNX5,0.00056604
AAVQAAEVK,Q15046,KARS,0.0073339
AAVSHWQQQSYLDSGIHSGATTTAPSLSGK,P35222,CTNNB1,0.0018656
AAVSQQGEQLQTER,Q9BQS8,FYCO1,1.01E-78
AAVTMSVPGR,Q7Z406,MYH14,0.048434
AAVVENVVK,Q92785,DPF2,0.0074251
AAVYHHFISDGVR,P01024,C3,0.0013034
AAVYQPQPHPQPPPYGHCVTDSGVVYSVGMQWLK,P02751,FN1,0.075791
AAYDIEVNTR,O75955,FLOT1,0.0028435
AAYDVSSFSFFQR,O15498,YKT6,2.15E-08
AAYEAELGDAR,P02545,LMNA,5.44E-08
AAYEDFNVQLR,Q9HC84,MUC5B,6.97E-07
AAYFGIYDTAK,P05141,SLC25A5,3.88E-08
AAYFGVYDTAK,P12235;P12236,SLC25A4;SLC25A6,0.00016169
AAYLNMSEDPSHPSMALNTR,Q14839,CHD4,0.0031896
AAYLSDPR,P78527,PRKDC,0.0029301
AAYNLVR,Q14019,COTL1,0.031407
AAYNPGQAVPWNAVK,Q8N163,KIAA1967,1.03E-20
AAYQVAALPK,P52758,HRSP12,6.60E-05
AAYSYRPGPGAGPGPAAGAALPDQSFLWNVFQR,O75340,PDCD6,1.24E-38
ACCGVPCK,P12111,COL6A3,0.0051187
ACEDHCVAGCFCPEGTVLDDIGQTGCVPVSK,P98088,MUC5AC,3.34E-20
ACEPGVDYVYK,P01024;CON__Q2UVX4,C3,0.00023498
ACEPIIQNFCHDVADNQIDSGDLMECLIQNK,Q92896,GLG1,6.72E-70
ACGCAAAPDVK,P24821,TNC,0.029455
ACGLNFADLMAR,Q99536,VAT1,2.35E-05
ACGSEIMQK,P15924,DSP,0.0056599
ACGVLETIR,Q9NQX4;Q9ULV0,MYO5C;MYO5B,0.052881
ACLDTAVENMPSLK,P49327,FASN,1.99E-51
ACLDVGAVIATPEQLFAAYEDGFEQCDAGWLADQTVR,P13611,VCAN,0.070816
ACLDYPVTSVLPPASLCK,P53801,PTTG1IP,4.21E-40
ACLISLGYDVENDR,O43707,ACTN4,1.81E-51
ACLISLGYDVENDRQGEAEFNR,O43707,ACTN4,1.02E-14
ACLYAGVK,P15104,GLUL,0.0068378
ACNLDDICK,P56159,GFRA1,0.073907
ACPLDQAIGLLVAIFHKYSGR,P06703,S100A6,3.27E-05
ACQGAPCPIDGR,P35442,THBS2,0.00015831
ACQSIYPLHDVFVR,P61247,RPS3A,0.0019655
ACTENNECCHPECLGSCSAPDNDTACVACR,P08069,IGF1R,4.10E-57
ACVVHGSDLK,P05023;P50993,ATP1A1;ATP1A2,0.0033535
ACYGVLR,P23396,RPS3,0.036386
ADAAASPVGK,Q7LBC6,KDM3B,0.0092389
ADAAPQLGK,Q96C86,DCPS,0.075964
ADAAPQLGKR,Q96C86,DCPS,0.075779
ADAASSLTVDVTPPTAK,Q9H8Y8,GORASP2,6.74E-15
ADAECYTAMK,O94905,ERLIN2,0.00023782
ADAEEEAATR,Q13409,DYNC1I2,0.00011633
ADAEGESDLENSR,Q9Y490,TLN1,2.11E-48
ADAELDDPESEDVER,Q9NY47,CACNA2D2,5.00E-37
ADAETLRK,P08758,ANXA5,0.00041243
ADALQLSVEEFVER,Q6NYC1,JMJD6,0.00063778
ADANKAEVPGATGGDSPHLQPAEPPGEPR,Q9P2K5,MYEF2,1.02E-22
ADATNVNNWHWTER,O95433,AHSA1,0.00060026
ADAWEEIRR,O94874,UFL1,8.11E-05
ADCASGIFLAAEK,O43747,AP1G1,0.051035
ADDADEFGYSR,Q7KZF4,SND1,5.18E-08
ADDIDIEAMLEAPYK,Q14498,RBM39,0.00027424
ADDIDIEAMLEAPYKK,Q14498,RBM39,5.98E-14
ADDIVGPVTHEIFENNVVHLMWQEPK,P06213,INSR,2.73E-21
ADDLDFETGDAGASATFPMQCSALR,P63241;Q6IS14,EIF5A;EIF5AL1,3.18E-24
ADDLEPIMELGR,P52564,MAP2K6,5.78E-05
ADDLLPLGDQTQDGDFGSR,O43290,SART1,2.43E-52
ADDPLRLDQELQQPQTQEK,Q12888,TP53BP1,2.04E-21
ADDPSAADRNVEIWK,P62495,ETF1,0.0015311
ADDPTMGEGPDK,P61764,STXBP1,0.025204
ADDTSAATIEK,Q9Y2W2,WBP11,0.0060086
ADDTSAATIEKK,Q9Y2W2,WBP11,4.58E-05
ADDYIEITGAGGK,Q9Y3Z3,SAMHD1,0.0017558
ADEANDNLFR,P09913,IFIT2,0.0023311
ADEASELACPTPK,P49327,FASN,3.17E-15
ADEDPALFQSVK,P48739,PITPNB,0.081415
ADEDPIMGFHQMFLLK,P61970,NUTF2,0.0061424
ADEELEALRR,O14737,PDCD5,0.0046959
ADEGISFR,Q06830,PRDX1,0.00078555
ADEGWYWCGVK,P01833,PIGR,0.00039888
ADEHVIDQGDDGDNFYVIER,P13861,PRKAR2A,2.07E-31
ADEKPKEGVK,P61956,SUMO2,0.075939
ADELLCWEDSAGHWLYE,Q13232,NME3,3.16E-21
ADEWLMK,P35579;P35580,MYH9;MYH10,0.0033098
ADFDDRVSDEEK,P52907,CAPZA1,9.27E-05
ADFDDRVSDEEKVR,P52907,CAPZA1,7.57E-05
ADFDTYDDR,Q15056,EIF4H,0.042426
ADFLIFR,Q8IZA0,KIAA0319L,0.027734
ADFQGISPER,P61803,DAD1,0.0011062
ADFSGMSQTDLSLSK,P35237,SERPINB6,2.60E-97
ADFSPFGNSQGPSR,Q9H2M9,RAB3GAP2,0.046493
ADFTVVAGDEGSSTTGGSSEENKGPSGSAVSR,P49916,LIG3,1.87E-55
ADFWMPAVR,Q8N6C5,IGSF1,1.12E-06
ADGELNVDSLITR,P62140,PPP1CB,2.55E-05
ADGETILK,P52788,SMS,0.018259
ADGNQLTLEER,Q6YHK3,CD109,6.12E-05
ADGQVAELLLR,Q9Y285,FARSA,6.09E-12
ADGSYAAWLSR,P0C0L5;P0C0L4,C4B;C4A,3.00E-08
ADGTATAPPPR,Q7Z6Z7,HUWE1,0.018008
ADGYEPPVQESV,P61247,RPS3A,0.02736
ADGYVLEGK,P62241,RPS8,4.57E-05
ADHGEPIGR,P08238;Q58FF7,HSP90AB1;HSP90AB3P,7.48E-05
ADHPFLFVIR,O75635,SERPINB7,0.003424
ADHQPLTEASYVNLPTIALCNTDSPLR,P08865,RPSA,2.67E-70
ADHSFSDGVPSDSVEAAK,Q99733,NAP1L4,3.17E-111
ADIDATLYEQVILEK,Q9NW15,ANO10,0.0038128
ADIDNKEQSELDQDLDDVEEVEEEETGEETK,P55209,NAP1L1,3.02E-115
ADIEEIK,P80303,NUCB2,0.040491
ADIEISGPK,Q09666,AHNAK,0.0012883
ADIEMPFDPSK,O75369,FLNB,3.12E-05
ADIEVACYGYEGIDAVK,P05198,EIF2S1,6.92E-39
ADIFMFDEPSSYLDVK,P61221,ABCE1,3.13E-14
ADIGVAMGIAGSDVSK,P05023;P13637,ATP1A1;ATP1A3,8.62E-21
ADILEDKDGK,P52272,HNRNPM,5.77E-27
ADIQTER,P62280,RPS11,0.015342
ADISLDELIR,Q9BY77,POLDIP3,0.0015391
ADIVFLTDASWSIGDDNFNK,Q99715,COL12A1,8.83E-23
ADKDYHFK,P06748,NPM1,0.00016376
ADKEAAFDDAVEER,Q09028,RBBP4,2.79E-24
ADKPDMGEIASFDK,P63313,TMSB10,1.71E-06
ADLAEEYSK,P68036,UBE2L3,0.0006306
ADLANEEKPAIAPPVFVFQK,Q9H6Z4,RANBP3,0.014388
ADLDKLNIDSIIQR,P36873,PPP1CC,8.17E-31
ADLDVSGPK,Q09666,AHNAK,1.95E-06
ADLDVSGPKVDIDVPDVNIEGPEGK,Q09666,AHNAK,1.50E-12
ADLEEQLSDEEK,P47755,CAPZA2,0.011493
ADLEEQLSDEEKVR,P47755,CAPZA2,7.88E-41
ADLEMQIESLKEELAYLR,CON__Q6IFX2,,0.0033165
ADLGVSGPK,Q09666,AHNAK,0.0010035
ADLINKK,Q9NSD9,FARSB,0.028258
ADLINNLGTIAK,P08238;P07900;Q14568;Q58FF8,HSP90AB1;HSP90AA1;HSP90AA2;HSP90AB2P,1.82E-20
ADLKQLMVHAFIKR,Q02750,MAP2K1,0.030175
ADLLLSTQPGR,P08195,SLC3A2,0.028383
ADLLLSTQPGREEGSPLELER,P08195,SLC3A2,2.33E-32
ADLNQGIGEPQSPSR,Q96C19,EFHD2,4.56E-15
ADLPDQR,O00194,RAB27B,0.082554
ADLQAAAVR,P0CB43;Q9BTY7,FAM203B;FAM203A,0.011106
ADLQNHLDTAQNALQDK,Q15075,EEA1,6.50E-07
ADLSGITGAR,P01011,SERPINA3,1.17E-06
ADLSGMSGAR,P30740,SERPINB1,1.17E-06
ADLTALFLPR,Q13045,FLII,1.71E-14
ADLTGISPSPNLYLSK,Q96P63,SERPINB12,3.86E-14
ADLYIHVTYIK,Q9NX62,IMPAD1,0.098685
ADMGGAATICSAIVSAAK,P28838,LAP3,9.19E-94
ADMQNLVER,Q01518,CAP1,3.08E-10
ADNEKLDNQR,O00629,KPNA4,1.25E-05
ADNFEYSDPVDGSISR,P36871,PGM1,3.72E-98
ADPAFGLESSGIAGTTSDEPERIEESGNDEAR,Q8TAQ2,SMARCC2,1.01E-111
ADPALCFLERVGMPDAK,Q9P2D1,CHD7,0.011447
ADPEAAWEPTEAEAR,Q9UBT2,UBA2,8.96E-05
ADPSLLGFSVNASSER,Q6Y7W6,GIGYF2,0.00036531
ADPSLNPEQLK,Q9UNF0,PACSIN2,0.0014248
ADQDRLDLEER,Q14683,SMC1A,0.011477
ADQELMTYSHDNIICGITSVSFSK,P62873,GNB1,3.96E-10
ADQLTEEQIAEFK,P62158,CALM1,7.25E-11
ADQLTEEQVTEFK,P27482,CALML3,0.010828
ADQVCINLR,Q12805,EFEMP1,0.0032048
ADQVDTQQLMR,Q9H223,EHD4,0.00068346
ADRDESSPYAAMLAAQDVAQR,P62263,RPS14,1.93E-17
ADSAVSQEQLR,Q9UKS6,PACSIN3,4.54E-08
ADSAYSSFSAASGGPEPR,Q2M3G4,SHROOM1,2.36E-51
ADSELQLVEQR,P07741,APRT,8.81E-05
ADSGPTQPPLSLSPAPETK,O15027,SEC16A,9.61E-16
ADSGTAGGAALAAPAPGPGSGGPGPR,Q96C90,PPP1R14B,0.0088982
ADSLLAVVK,Q15424;Q14151,SAFB;SAFB2,0.00018294
ADSQAQLLLSTVVGVFTAPGLHLK,P01019,AGT,7.83E-24
ADSRDPASDQMQHWKEQR,P04040,CAT,0.071093
ADSSSVLPSPLSISTR,Q6ZT07,TBC1D9,0.00028084
ADSWVEKEEPAPSN,Q8N163,KIAA1967,1.44E-40
ADTATTASAAAASAASASSDAPPFQLGKPR,Q8TD22,SFXN5,2.81E-47
ADTGLETSTR,P49959,MRE11A,0.004718
ADTLTLEER,Q9UHD8,9-Sep,0.00031758
ADTLTPEECQQFK,Q16181,7-Sep,0.00059819
ADTNAPTDIDSPK,Q9UQP3,TNN,0.085755
ADTPSLGEGPEK,Q15833,STXBP2,0.017189
ADTSSQGALVFLSK,Q7Z417,NUFIP2,0.00030172
ADVDISGPK,Q09666,AHNAK,0.0010035
ADVDVQPYAFTTK,Q9BZE4,GTPBP4,0.0069585
ADVDVSGPK,Q09666,AHNAK,0.002051
ADVDVSGPKVDVEGPDVNIEGPEGK,Q09666,AHNAK,1.88E-28
ADVDVSGPKVDVEVPDVSLEGPEGK,Q09666,AHNAK,8.24E-10
ADVIQATGDAICIFR,Q08945,SSRP1,0.00026874
ADVLDLHEAGGEDFAMDEDGDESIHK,Q9Y5S9,RBM8A,1.05E-111
ADVLSEEAILK,Q9Y6E2,BZW2,0.16238
ADVLSVLR,Q6P1J9,CDC73,0.0011283
ADVLTTGAGNPVGDK,P04040,CAT,9.75E-66
ADVVVSGPK,Q09666,AHNAK,0.0013709
ADWWTNTAHYNR,Q6P2Q9,PRPF8,0.062171
ADYDTLSLR,Q9Y446,PKP3,0.0083925
ADYEIASK,Q9NQ29;Q9Y383,LUC7L;LUC7L2,0.0032406
AEAAASALADADADLEER,O43633,CHMP2A,2.87E-112
AEAALEEESR,Q969G3,SMARCE1,0.0077882
AEAALLLLPEAAAER,Q96JB2,COG3,0.00011274
AEACFSLPFFAPLGLQGSINHK,Q96QA5,GSDMA,0.00038372
AEACFVNCVER,O60220,TIMM8A,9.94E-08
AEACVCTYNGQR,P98088,MUC5AC,1.19E-09
AEAEAAAVHGAR,Q5T8P6,RBM26,0.0050376
AEAEESPGDPGTASPR,Q96EC8,YIPF6,0.0022459
AEAEGVPTTPGPASGSTFR,Q86VR2,FAM134C,7.52E-05
AEAGAGSATEFQFR,P46783;Q9NQ39,RPS10;RPS10P5,1.49E-51
AEAGEAGQATAEAECHR,O95671,ASMTL,0.00094509
AEAGEQPGTAER,P56182,RRP1,0.0047103
AEAGGGWEGSASYK,Q969T9,WBP2,3.78E-19
AEAGPEGVAPAPEGEK,Q9Y4L1,HYOU1,7.30E-07
AEAGVPAEFSIWTR,P21333,FLNA,2.36E-05
AEAITARK,Q9BQ13,KCTD14,0.083099
AEAQEGELLVR,P21817,RYR1,0.07958
AEASAFAESIDVELR,O60437,PPL,8.59E-69
AEASIQAGAGDGEWEESEVK,Q09666,AHNAK,5.13E-194
AECMLQQAER,P13796,LCP1,0.0020716
AEDAPLSSGEDPNSR,Q9BW04,SARG,1.92E-09
AEDGATPSPSNETPK,P29966,MARCKS,1.93E-37
AEDIPQMDDAFSQTVK,Q9NZM1,MYOF,8.60E-38
